Workbook
Name Slicer_months: #N/A
Name Slicer_status: #N/A
Name Slicer_year: #N/A

Sheet Sheet1
A1: customerNumber | B1: customerName | C1: country | D1: salesRepEmployeeNumber | E1: employeeNumber | F1: orderNumber | G1: productCode | H1: quantityOrdered | I1: priceEach | J1: amount | K1: orderDate | L1: months | M1: status | N1: paymentDate | O1: productCode2 | P1: productName | Q1: productLine | R1: quantityInStock | S1: Year | T1: Week
A2: 103 | B2: Atelier graphique | C2: France | D2: 1370 | E2: 1002 | F2: 10100 | G2: S18_1749 | H2: 30 | I2: 136 | J2: =H2*I2 -> 4080 | K2: 37627 | L2: =TEXT(K2,"mmmm") -> January | M2: Shipped | N2: 38279 | O2: S10_1678 | P2: 1969 Harley Davidson Ultimate Chopper | Q2: Motorcycles | R2: 7933 | S2: =YEAR(Sheet1!$N2) -> 2004 | T2: =WEEKNUM(K2) -> 2
A3: 112 | B3: Signal Gift Stores | C3: USA | D3: 1166 | E3: 1056 | F3: 10100 | G3: S18_2248 | H3: 50 | I3: 55.09 | J3: =H3*I3 -> 2754.5 | K3: 37630 | L3: =TEXT(K3,"mmmm") -> January | M3: Shipped | N3: 37777 | O3: S10_1949 | P3: 1952 Alpine Renault 1300 | Q3: Classic Cars | R3: 7305 | S3: =YEAR(Sheet1!$N3) -> 2003 | T3: =WEEKNUM(K3) -> 2
A4: 114 | B4: Australian Collectors, Co. | C4: Australia | D4: 1611 | E4: 1076 | F4: 10100 | G4: S18_4409 | H4: 22 | I4: 75.46 | J4: =H4*I4 -> 1660.12 | K4: 37631 | L4: =TEXT(K4,"mmmm") -> January | M4: Shipped | N4: 38339 | O4: S10_2016 | P4: 1996 Moto Guzzi 1100i | Q4: Motorcycles | R4: 6625 | S4: =YEAR(Sheet1!$N4) -> 2004 | T4: =WEEKNUM(K4) -> 2
A5: 119 | B5: La Rochelle Gifts | C5: France | D5: 1370 | E5: 1088 | F5: 10100 | G5: S24_3969 | H5: 49 | I5: 35.29 | J5: =H5*I5 -> 1729.21 | K5: 37650 | L5: =TEXT(K5,"mmmm") -> January | M5: Shipped | N5: 38338 | O5: S10_4698 | P5: 2003 Harley-Davidson Eagle Drag Bike | Q5: Motorcycles | R5: 5582 | S5: =YEAR(Sheet1!$N5) -> 2004 | T5: =WEEKNUM(K5) -> 5
A6: 121 | B6: Baane Mini Imports | C6: Norway | D6: 1504 | E6: 1102 | F6: 10101 | G6: S18_2325 | H6: 25 | I6: 108.06 | J6: =H6*I6 -> 2701.5 | K6: 37652 | L6: =TEXT(K6,"mmmm") -> January | M6: Shipped | N6: 37778 | O6: S10_4757 | P6: 1972 Alfa Romeo GTA | Q6: Classic Cars | R6: 3252 | S6: =YEAR(Sheet1!$N6) -> 2003 | T6: =WEEKNUM(K6) -> 5
A7: 124 | B7: Mini Gifts Distributors Ltd. | C7: USA | D7: 1165 | E7: 1143 | F7: 10101 | G7: S18_2795 | H7: 26 | I7: 167.06 | J7: =H7*I7 -> 4343.56 | K7: 37663 | L7: =TEXT(K7,"mmmm") -> February | M7: Shipped | N7: 38219 | O7: S10_4962 | P7: 1962 LanciaA Delta 16V | Q7: Classic Cars | R7: 6791 | S7: =YEAR(Sheet1!$N7) -> 2004 | T7: =WEEKNUM(K7) -> 7
A8: 125 | B8: Havel & Zbyszek Co | C8: Poland | D8: 1188 | E8: 1165 | F8: 10101 | G8: S24_1937 | H8: 45 | I8: 32.53 | J8: =H8*I8 -> 1463.85 | K8: 37669 | L8: =TEXT(K8,"mmmm") -> February | M8: Shipped | N8: 37761 | O8: S12_1099 | P8: 1968 Ford Mustang | Q8: Classic Cars | R8: 68 | S8: =YEAR(Sheet1!$N8) -> 2003 | T8: =WEEKNUM(K8) -> 8
A9: 128 | B9: Blauer See Auto, Co. | C9: Germany | D9: 1504 | E9: 1166 | F9: 10101 | G9: S24_2022 | H9: 46 | I9: 44.35 | J9: =H9*I9 -> 2040.1 | K9: 37676 | L9: =TEXT(K9,"mmmm") -> February | M9: Shipped | N9: 38336 | O9: S12_1108 | P9: 2001 Ferrari Enzo | Q9: Classic Cars | R9: 3619 | S9: =YEAR(Sheet1!$N9) -> 2004 | T9: =WEEKNUM(K9) -> 9
A10: 129 | B10: Mini Wheels Co. | C10: USA | D10: 1165 | E10: 1188 | F10: 10102 | G10: S18_1342 | H10: 39 | I10: 95.55 | J10: =H10*I10 -> 3726.45 | K10: 37683 | L10: =TEXT(K10,"mmmm") -> March | M10: Shipped | N10: 37772 | O10: S12_1666 | P10: 1958 Setra Bus | Q10: Trucks and Buses | R10: 1579 | S10: =YEAR(Sheet1!$N10) -> 2003 | T10: =WEEKNUM(K10) -> 10
A11: 131 | B11: Land of Toys Inc. | C11: USA | D11: 1323 | E11: 1216 | F11: 10102 | G11: S18_1367 | H11: 41 | I11: 43.13 | J11: =H11*I11 -> 1768.33 | K11: 37690 | L11: =TEXT(K11,"mmmm") -> March | M11: Shipped | N11: 38056 | O11: S12_2823 | P11: 2002 Suzuki XREO | Q11: Motorcycles | R11: 9997 | S11: =YEAR(Sheet1!$N11) -> 2004 | T11: =WEEKNUM(K11) -> 11
A12: 141 | B12: Euro+ Shopping Channel | C12: Spain | D12: 1370 | E12: 1286 | F12: 10103 | G12: S10_1949 | H12: 26 | I12: 214.3 | J12: =H12*I12 -> 5571.8 | K12: 37698 | L12: =TEXT(K12,"mmmm") -> March | M12: Shipped | N12: 38305 | O12: S12_3148 | P12: 1969 Corvair Monza | Q12: Classic Cars | R12: 6906 | S12: =YEAR(Sheet1!$N12) -> 2004 | T12: =WEEKNUM(K12) -> 12
A13: 144 | B13: Volvo Model Replicas, Co | C13: Sweden | D13: 1504 | E13: 1323 | F13: 10103 | G13: S10_4962 | H13: 42 | I13: 119.67 | J13: =H13*I13 -> 5026.14 | K13: 37705 | L13: =TEXT(K13,"mmmm") -> March | M13: Shipped | N13: 38207 | O13: S12_3380 | P13: 1968 Dodge Charger | Q13: Classic Cars | R13: 9123 | S13: =YEAR(Sheet1!$N13) -> 2004 | T13: =WEEKNUM(K13) -> 13
... A123: 496 | B123: Kelly's Gift Shop | C123: New Zealand | D123: 1612 | E123: 1216 | F123: 10111 | G123: S18_3136 | H123: 43 | I123: 94.25 | J123: =H123*I123 -> 4052.75 | K123: 38035 | L123: =TEXT(K123,"mmmm") -> February | M123: Shipped | N123: 37925 | O123: S24_3816 | P123: 1961 Chevrolet Impala | Q123: Planes | R123: 2874 | S123: =YEAR(Sheet1!$N123) -> 2003 | T123: =WEEKNUM(K123) -> 8

Sheet Sheet2
B2: Row Labels | C2: Sum of amount | D2: category | E2: sales | G2: Row Labels | H2: Sum of amount | K2: Row Labels | L2: Sum of amount
B3: Classic Cars | C3: 81137.02 | D3: =B3 -> Classic Cars | E3: =C3 -> 81137.02 | G3: Collectables For Less Inc. | H3: 6154.28 | K3: 1950's Chicago Surface Lines Streetcar | L3: 6154.28
B4: Vintage Cars | C4: 45920.07 | D4: =B4 -> Vintage Cars | E4: =C4 -> 45920.07 | G4: Enaco Distributors | H4: 6392 | K4: 1992 Ferrari 360 Spider red | L4: 6392
B5: Planes | C5: 34121.9 | D5: =B5 -> Planes | E5: =C5 -> 34121.9 | G5: Mini Auto Werke | H5: 6426 | K5: ATA: B757-300 | L5: 6426
B6: Ships | C6: 28189.23 | D6: =B6 -> Ships | E6: =C6 -> 28189.23 | G6: Feuer Online Stores, Inc | H6: 7400.02 | K6: HMS Bounty | L6: 7400.02
B7: Motorcycles | C7: 26288.53 | D7: =B7 -> Motorcycles | E7: =C7 -> 26288.53 | G7: Boards & Toys Co. | H7: 8434.52 | K7: 1985 Toyota Supra | L7: 8434.52
B8: Grand Total | C8: 215656.75 | G8: Grand Total | H8: 34806.82 | K8: Grand Total | L8: 34806.82
B13: Row Labels | C13: Sum of quantityOrdered | E13: Row Labels | F13: Count of quantityOrdered | H13: Row Labels | I13: Sum of amount | J13: Sum of quantityOrdered
B14: France | C14: 0.16880342 | E14: Classic Cars | F14: 0.33846154 | H14: August | I14: 18620.63 | J14: 173
B15: Germany | C15: 0.26353276 | E15: Motorcycles | F15: 0.12307692 | H15: September | I15: 20512.06 | J15: 281
B16: Spain | C16: 0.10754986 | E16: Planes | F16: 0.13846154 | H16: July | I16: 27670.81 | J16: 266
B17: USA | C17: 0.46011396 | E17: Ships | F17: 0.12307692 | H17: December | I17: 37873.2 | J17: 325
B18: Grand Total | C18: 1 | E18: Vintage Cars | F18: 0.27692308 | H18: October | I18: 43334.37 | J18: 535
E19: Grand Total | F19: 1 | H19: November | I19: 93703.72 | J19: 1020
H20: Grand Total | I20: 241714.79 | J20: 2600
C23: Sum of amount | D23: Sum of quantityOrdered
C24: 241714.79 | D24: 2600

Sheet Sheet3
